insert into brokerages (id, pin, name, address, address_2, city, state, zipcode, phone)
values
(1, '6b10ba15-cf88-464e-9fd1-a24750afb100', 'One Point Logistics','159 4th Avenue North', null, 'Nashville', 'TN', '37219', '615-412-8906'),
(2, '89bae886-70b2-4d41-ad2b-9d8383330354', 'Dunavant Logistics','951 Ridgeway Loop Road', 'Suite 205', 'Nashville', 'TN', '37219', '615-412-8906');

insert into teams (id, brokerage_id, name, icon)
values
(1, 1, 'Team Lyles', '💵'),
(2, 1, 'Team Lyles', '💼'),
(3, 2, 'Team Lyles', '🚛'),
(4, 2, 'Team Lyles', '🌾');

insert into users (id, username, brokerage_id, team_id, title, email, first_name, last_name, phone)
values 
(1,'df5cdfae-107d-4ee1-824a-baa75750dcda', 1, 1, 'Sales Manager', 'jlyles@opl.com', 'Josh', 'Lyles', '615-123-4567'),
(2,'444ce57b-2215-4957-86b1-46d899344bc9', 1, 1, 'Account Executive', 'joates@opl.com', 'John', 'Oates', '615-123-4568'),
(3,'5e449fcd-eff6-45a5-8707-06cda8415dbc', 1, 1, 'Account Manager', 'awoodroffe@opl.com', 'Alexis', 'Woodroffe', '615-123-4569'),
(4,'b713abf5-aa13-4ba0-93db-828ee71440fd', 1, 1, 'Account Manager', 'chawkins@opl.com', 'Colton', 'Hawkins', '615-123-4570'),
(5,'fea88775-181b-44ef-890d-4deb9e9634c8', 1, 2, 'Sales Manager', 'awilliams@opl.com', 'Adam', 'Williams', '615-123-4571'),
(6,'88f496bb-fa83-4b94-9582-4b424f5150ca', 1, 2, 'Account Executive', 'spasciak@opl.com', 'Scott', 'Pasciak', '615-123-4572'),
(7,'a1760f93-6382-4fe9-bd87-0705bd9d85cd', 1, 2, 'Account Manager', 'ckaramanos@opl.com', 'Chris', 'Karamanos', '615-123-4573'),
(8,'70cfc2e9-8507-4349-adee-5ae0352e420c', 1, 2, 'Account Manager', 'tfayne@opl.com', 'TK', 'Fayne', '615-123-4574'),
(9,'59cf010f-cfaa-4bae-9a88-76e110ede864', 2, 3, 'Director of Logistics', 'sclark@dunavant.com', 'Steve', 'Clark', '615-123-4575'),
(10,'97306352-5dc7-4754-9521-72e3209b013e', 2, 3, 'Logistics Services Manager', 'mmathis@dunavant.com', 'Monica', 'Mathis', '615-123-4575'),
(11,'1dc8f2c5-5a48-476b-a6bd-bf7b144a0c2e', 2, 3, 'Logistics Services Manager', 'gpulliam@dunavant.com', 'Guy', 'Pulliam', '615-123-4575'),
(12,'75c1b1e1-bc45-425e-9eab-067b348c38e1', 2, 3, 'Logistics Services Manager', 'jsesti@dunavant.com', 'Jeremy', 'Sesti', '615-123-4575'),
(13,'28e6b212-3770-437a-a410-3cad17298853', 2, 4, 'Agriculture Logistics Specialist', 'llewis@dunavant.com', 'Laura', 'Lewid', '615-123-4575'),
(14,'357a4348-a54c-4cf6-bd58-e6971506273e', 2, 4, 'Logistics Services Manager', 'jwalsh@dunavant.com', 'Adam', 'Williams', '615-123-4575'),
(15,'c4c1e33e-f317-496c-abfb-cc8c7bc2c23b', 2, 4, 'Logistics Services Manager', 'rgrissom@dunavant.com', 'Adam', 'Williams', '615-123-4575'),
(16,'830c0cf0-5ce7-46d8-9939-0a47ae71594b', 2, 4, 'Logistics Services Manager', 'mcraven@dunavant.com', 'Adam', 'Williams', '615-123-4575');

insert into customers (id, name, industry, user_id)
values
(1, 'Lollicup USA, Inc.', 'Plastics and Packaging', 1),
(2, 'Lopez Foods', 'Food and Beverage', 1),
(3, 'DeRoyal Textiles', 'Textiles', 1),
(4, 'Caesarstone', 'Stone and Tile', 6),
(5, 'Inteplast Group', 'Plastics and Packaging', 6),
(6, 'Evoqua Water Technologies', 'Waste Water Treatment', 6),
(7, 'Tosh Farms', 'Livestock', 13),
(8, 'Newly Weds Foods', 'Food and Beverage', 14),
(9, 'Glencore PLC', 'Agriculture', 13),
(10, 'Engelhart Commodities', 'Agriculture', 13);

insert into customer_contacts (id, first_name, last_name, title, phone, phone_ext, email, contact_level)
values
(1,'Charlene', 'Anan', 'Warehouse Admin', '123-123-4567', '1', 'test51@gmail.com', 1),
(2,'Samantha', 'Delgadillo', 'Warehouse Admin', '123-123-4568', null, 'test52@gmail.com', 1),
(3,'Christi', 'Yu', 'Warehouse Admin', '123-123-4569', null, 'test53@gmail.com', 1),
(4, 'Kim', 'Stokes', 'Transportation Manager', '123-123-4570', '1', 'test54@gmail.com', 1),
(5, 'Joel', 'Roberts', 'Warehouse Clerk', '123-123-4571', null, 'test55@gmail.com', 1),
(6, 'Ted', 'Peters', 'Manager', '123-123-4572', '4', 'test56@gmail.com', 1),
(7, 'Patrick', 'Bateman', 'Warehouse Admin', '123-123-4573', null, 'test57@gmail.com', 1),
(8, 'Bill', 'James', 'Transportation Manager', '123-123-4574', '3', 'test58@gmail.com', 1),
(9, 'Billy', 'Beane', 'Transportation Manager', '123-123-4575', null, 'test59@gmail.com', 1),
(10, 'Amy', 'Clark', 'Warehouse Clerk', '123-123-4576', null, 'test60@gmail.com', 1),
(11, 'Travis', 'Scott', 'Warehouse Admin', '123-123-4577', '1', 'test61@gmail.com', 1),
(12, 'Patti', 'Smith', 'Warehouse Clerk', '123-123-4578', null, 'test62@gmail.com', 1),
(13, 'April', 'Jackson', 'Transportation Manager', '123-123-4579', null, 'test63@gmail.com', 1),
(14, 'Michael', 'Johnson', 'Transportation Manager', '123-123-4580', '3', 'test64@gmail.com', 1),
(15, 'Brian', 'Withers', 'Transportation Manager', '123-123-4581', null, 'test65@gmail.com', 1),
(16, 'Rodney', 'Williams', 'Warehouse Clerk', '123-123-4582', null, 'test66@gmail.com', 1),
(17, 'Donald', 'Draper', 'Warehouse Clerk', '123-123-4583', '2', 'test67@gmail.com', 1),
(18, 'Bill', 'Mitchell', 'Warehouse Clerk', '123-123-4584', null, 'test68@gmail.com', 1);

insert into customer_locations (id, customer_id, contact_id, address, city, state, zipcode, is_hq, is_shipping_recieving)
values
(1, 1, 1, '6185 Kimball Ave', 'Chino', 'CA', '91708', true, true),
(2, 1, 2, '3201 Capital Blvd', 'Rockwall', 'TX', '75032', false, true),
(3, 1, 3, '6C Terminal Way', 'Avenel', 'NJ', '07001', false, true),
(4, 2, 4, '2000 Hall Blvd', 'Ponca City', 'OK', '74601', false, true),
(5, 3, 5, '125 E York St', 'Camden', 'SC', '29020', false, true),
(6, 3, 6, '420 Straight Creek Rd', 'New Tazewell', 'TN', '37825', true, true),
(7, 4, 7, '1 Caesarstone Dr', 'Midway', 'GA', '31320', true, true),
(8, 4, 8, '2551 SW 39th St', 'Fort Lauderdale', 'FL', '33312', false, true),
(9, 5, 9, '1010 Inteplast Blvd', 'Lolita', 'TX', '77971', true, true),
(10, 6, 10, '1828 Metcalf Ave', 'Thomasville', 'GA', '31792', true, true),
(11, 7, 11, '1586 Atlantic Ave', 'Henry', 'TN', '38231', true, true),
(12, 8, 12, '5980 Hurt Road', 'Horn Lake', 'MS', '38637', false, true),
(13, 8, 13, '4125 Farm Road 3417', 'Mount Pleasant', 'TX', '75455', false, true),
(14, 8, 14, '4125 W Wrightwood Ave', 'Chicago', 'IL', '60639', true, false),
(15, 9, 15, '9431 Bay Area Blvd', 'Pasadena', 'TX', '77507', false, true),
(16, 9, 16, '1011 S Interstate 45 Service Road', 'Hutchins', 'TX', '75141', false, true),
(17, 10, 17, '900 Terminal Road', 'Fort Worth', 'TX', '76106', false, true),
(18, 10, 18, '437 Independence Pkwy', 'La Porte', 'TX', '77571', false, true);

insert into lane_partners (id, name)
values
(1, 'ABC Plastics'),
(2, 'XYZ Plastics'),
(3, 'Bobs Plastics'),
(4, 'Jimmys Plastics'),
(5, 'Debbys Plastics'),
(6, 'Parkers Plastics'),
(7, 'Johns Plastics'),
(8, 'Andrews Plastics'),
(9, 'Houstons Plastics'),
(10, 'Big Bad Burgers'),
(11, 'Pasta Pasta Pasta'),
(12, 'We Got Buns'),
(13, 'Coca-Cola'),
(14, 'Eds Chicken'),
(15, 'McDonalds'),
(16, 'Chick-Fil-A'),
(17, 'Milling Inc.'),
(18, 'Textiles Co.'),
(19, 'Floor and Decor'),
(20, 'Ikea'),
(21, 'Home Depot'),
(22, 'Lowes'),
(23, 'Bills Stone'),
(24, 'Garbage Bag Company'),
(25, 'Target'),
(26, 'Waste Management'),
(27, 'Panama City Beach Co.'),
(28, 'Lake Michigan Inc.'),
(29, 'Darden Lake Inc.'),
(30, 'Charleston Port Authority'),
(31, 'Santa Monica Waste Water'),
(32, 'Mars Petfood'),
(33, 'Hershey Company'),
(34, 'Ruiz Foods'),
(35, 'Las Delicias'),
(36, 'Franklin BBQ'),
(37, 'Central BBQ'),
(38, 'McCormick Spices'),
(39, 'Pacific Spice Company'),
(40, 'Dunavant Enterprises'),
(41, 'Cargill'),
(42, 'Tractor Supply Company'),
(43, 'Gold Mine'),
(44, 'Silver Mine'),
(45, 'Copper Mine'),
(46, 'Sudan Cotton'),
(47, 'Amarillo Cotton'),
(48, 'Sweetwater Cotton'),
(49, 'Midland Cotton'),
(50, 'Lubbock Cotton');

insert into lane_partner_contacts (id, first_name, last_name, title, phone, phone_ext, email)
values
(1, 'Emma', 'Watson', 'Transportation Manager', '325-897-2222', null, 'test1@gmail.com'),
(2, 'Amy', 'Adams', 'Transportation Manager', '325-897-2223', null, 'test2@gmail.com'),
(3, 'Lea', 'Seydoux', 'Transportation Manager', '325-897-2224', '3', 'test3@gmail.com'),
(4, 'Andrew', 'White', 'Transportation Manager', '325-897-2225', null, 'test4@gmail.com'),
(5, 'Ian', 'Hodge', 'Transportation Manager', '325-897-2226', null, 'test5@gmail.com'),
(6, 'Jordan', 'Bakke', 'Transportation Manager', '325-897-2227', null, 'test6@gmail.com'),
(7, 'Houston', 'Brown', 'Transportation Manager', '325-897-2228', null, 'test7@gmail.com'),
(8, 'Melissa', 'Benoist', 'Transportation Manager', '325-897-2229', null, 'test8@gmail.com'),
(9, 'Jessica', 'Spears', 'Transportation Manager', '325-897-2230', null, 'test9@gmail.com'),
(10, 'Brittany', 'Simpson', 'Transportation Manager', '325-897-2231', null, 'test10@gmail.com'),
(11, 'Elon', 'Johnson', 'Transportation Manager', '325-897-2232', null, 'test11@gmail.com'),
(12, 'Dwayne', 'Johnson', 'Transportation Manager', '325-897-2233', '7', 'test12@gmail.com'),
(13, 'Chris', 'Rogan', 'Transportation Manager', '325-897-2234', null, 'test13@gmail.com'),
(14, 'Joe', 'Musk', 'Transportation Manager', '325-897-2235', null, 'test14@gmail.com'),
(15, 'Jen', 'Lopez', 'Transportation Manager', '325-897-2236', null, 'test15@gmail.com'),
(16, 'Michael', 'Gomez', 'Transportation Manager', '325-897-2237', '2', 'test16@gmail.com'),
(17, 'Selena', 'Cera', 'Transportation Manager', '325-897-2238', null, 'test17@gmail.com'),
(18, 'Patrick', 'Stewart', 'Transportation Manager', '325-897-2239', '4', 'test18@gmail.com'),
(19, 'Dexter', 'McCluster', 'Transportation Manager', '325-897-2240', null, 'test19@gmail.com'),
(20, 'Grace', 'Kelley', 'Transportation Manager', '325-897-2240', '1', 'test20@gmail.com'),
(21, 'Morgan', 'Stanley', 'Transportation Manager', '325-897-2241', '1', 'test21@gmail.com'),
(22, 'JP', 'Morgan', 'Transportation Manager', '325-897-2242', null, 'test22@gmail.com'),
(23, 'Chase', 'Parker', 'Transportation Manager', '325-897-2243', null, 'test23@gmail.com'),
(24, 'Chandler', 'Boing', 'Transportation Manager', '325-897-2244', null, 'test24@gmail.com'),
(25, 'Parker', 'Peters', 'Transportation Manager', '325-897-2245', null, 'test25@gmail.com'),
(26, 'Brittany', 'Lee', 'Transportation Manager', '325-897-2246', '6', 'test26@gmail.com'),
(27, 'Leon', 'Dore', 'Transportation Manager', '325-897-2247', null, 'test27@gmail.com'),
(28, 'Ria', 'Mariano', 'Transportation Manager', '325-897-2248', null, 'test28@gmail.com'),
(29, 'Gregg', 'Washington', 'Transportation Manager', '325-897-2249', null, 'test29@gmail.com'),
(30, 'Parker', 'Hogg', 'Transportation Manager', '325-897-2250', null, 'test30@gmail.com'),
(31, 'Christopher', 'Strano', 'Transportation Manager', '325-897-2251', '9', 'test31@gmail.com'),
(32, 'Jordan', 'Prewett', 'Transportation Manager', '325-897-2252', null, 'test32@gmail.com'),
(33, 'Timothy', 'Zyer', 'Transportation Manager', '325-897-2253', null, 'test33@gmail.com'),
(34, 'Derrick', 'Grillmore', 'Transportation Manager', '325-897-2254', null, 'test34@gmail.com'),
(35, 'Andrew', 'Nixon', 'Transportation Manager', '325-897-2255', null, 'test35@gmail.com'),
(36, 'Marshall', 'Mathers', 'Transportation Manager', '325-897-2256', null, 'test36@gmail.com'),
(37, 'Hunter', 'Harrington', 'Transportation Manager', '325-897-2257', null, 'test37@gmail.com'),
(38, 'Clifford', 'Williamson', 'Transportation Manager', '325-897-2258', null, 'test38@gmail.com'),
(39, 'Zachary', 'Terhune', 'Transportation Manager', '325-897-2259', null, 'test39@gmail.com'),
(40, 'Mitchell', 'Marino', 'Transportation Manager', '325-897-2260', null, 'test40@gmail.com'),
(41, 'William', 'Hammond', 'Transportation Manager', '325-897-2261', null, 'test41@gmail.com'),
(42, 'Ronald', 'Smith', 'Transportation Manager', '325-897-2262', null, 'test42@gmail.com'),
(43, 'Scott', 'Fitzgerald', 'Transportation Manager', '325-897-2263', null, 'test43@gmail.com'),
(44, 'Mary Elizabeth', 'Johnson', 'Transportation Manager', '325-897-2264', null, 'test44@gmail.com'),
(45, 'Jimmy', 'Joyce', 'Transportation Manager', '325-897-2265', null, 'test45@gmail.com'),
(46, 'George', 'Eliot', 'Transportation Manager', '325-897-2266', null, 'test46@gmail.com'),
(47, 'Kazuo', 'Ishiguro', 'Transportation Manager', '325-897-2267', null, 'test47@gmail.com'),
(48, 'James', 'Anderson', 'Transportation Manager', '325-897-2268', null, 'test48@gmail.com'),
(49, 'Stuart', 'Broad', 'Transportation Manager', '325-897-2269', null, 'test49@gmail.com'),
(50, 'Landon', 'McClellan', 'Transportation Manager', '325-897-2269', null, 'test49@gmail.com');

insert into lane_partner_locations (id, lane_partner_id, contact_id, address, address_2, city, state, zipcode)
values
(1, 1, 1, '2403 Kline Ave', null, 'Nashville', 'TN', '37211'),
(2, 2, 2, '386 Industrial Dr S', null, 'Morgantown', 'KY', '42261'),
(3, 3, 3, '1859 Pacific Ave', null, 'Stockton', 'CA', '95204'),
(4, 4, 4, '523 Commerce Rd', null, 'Orem', 'UT', '84058'),
(5, 5, 5, '317 Nogalitos St', null, 'San Antonio', 'TX', '78204'),
(6, 6, 6, '8109 Lewis Rd', null, 'Minneapolis', 'MN', '55427'),
(7, 7, 7, '4441 Industrial Dr', null, 'Alton', 'IL', '62002'),
(8, 8, 8, '875 Skyway St', null, 'Presque Isle', 'ME', '04769'),
(9, 9, 9, '250 W Kensinger Dr', 'Ste 100', 'Cranberry Twp', 'PA', '16066'),
(10, 10, 10, '101 N Omega St', null, 'Dexter', 'GA', '31019'),
(11, 11, 11, '101 N Omega St', null, 'Stamps', 'AR', '71860'),
(12, 12, 12, '2056 S, MO-19', null, 'Hermann', 'MO', '65041'),
(13, 13, 13, '398 Victory Ave', null, 'Twin Falls', 'ID', '83301'),
(14, 14, 14, '19780 Jack Tone Rd', null, 'Twin Falls', 'ID', '83301'),
(15, 15, 15, '5263 Poplar Dr', null, 'Memphis', 'TN', '38119'),
(16, 16, 16, '7500 W 135th St', null, 'Overland Park', 'KS', '66223'),
(17, 17, 17, '10289 SW Parkview Rd', null, 'Augusta', 'KS', '67010'),
(18, 18, 18, '100 Belmont St', null, 'Clinton', 'MS', '39056'),
(19, 19, 19, '1599 Memorial Dr SE', null, 'Atlanta', 'GA', '30317'),
(20, 20, 20, '11400 IKEA Way', null, 'Fishers', 'IN', '46037'),
(21, 21, 21, '24635 John T Reid Pkwy', null, 'Scottsboro', 'AL', '35768'),
(22, 22, 22, '3101 Clark Butler Blvd', null, 'Gainesville', 'FL', '32608'),
(23, 23, 23, '14438 Lee Hwy', null, 'Bristol', 'VA', '24202'),
(24, 24, 24, '1300 Loveridge Rd', null, 'Pittsburg', 'CA', '94565'),
(25, 25, 25, '803 Industrial Blvd', null, 'Smyrna', 'TN', '37167'),
(26, 26, 26, '69015 LA-59', null, 'Mandeville', 'LA', '70471'),
(27, 27, 27, '12310 Panama City Beach Pkwy', null, 'Panama City', 'FL', '32407'),
(28, 28, 28, '5848 N Stiles Rd', null, 'Ludington', 'MI', '49431'),
(29, 29, 29, '1550 MS-30', null, 'Myrtle', 'MS', '38650'),
(30, 30, 30, '196 Concord St', null, 'Charleston', 'SC', '29401'),
(31, 31, 31, '218 Hill St', null, 'Santa Monica', 'CA', '90405'),
(32, 32, 32, '1983 State Line Rd', null, 'Joplin', 'MO', '64804'),
(33, 33, 33, '100 Hersheypark Dr', null, 'Hershey', 'PA', '17033'),
(34, 34, 34, '2557 Florence Harllee Blvd', null, 'Florence', 'SC', '29506'),
(35, 35, 35, '5689 Quince Rd', null, 'Memphis', 'TN', '38119'),
(36, 36, 36, '900 E 11th St', null, 'Austin', 'TX', '78702'),
(37, 37, 37, '147 E Butler Ave', null, 'Memphis', 'TN', '38103'),
(38, 38, 38, '3425 Lathrop St', null, 'South Bend', 'IN', '46628'),
(39, 39, 39, '2667 Gundry Ave', null, 'Signal Hill', 'CA', '90755'),
(40, 40, 40, '959 Ridgeway Loop Rd', null, 'Memphis', 'CA', '38120'),
(41, 41, 41, '1629 E Main St', null, 'Siloam Springs', 'AR', '72761'),
(42, 42, 42, '201 E Navajo Dr', null, 'Hobbs', 'NM', '88240'),
(43, 43, 43, '1950 Hidee Mine Rd', null, 'Central City', 'CO', '80427'),
(44, 44, 44, '21 MT-38', null, 'Philipsburg', 'MT', '59858'),
(45, 45, 45, '962 Kernan Rd', null, 'Oroville', 'WA', '98844'),
(46, 46, 46, '222 N Main St', null, 'Sudan', 'TX', '79371'),
(47, 47, 47, '5001 FM1912', null, 'Amarillo', 'TX', '79108'),
(48, 48, 48, '303 Co Rd 142', null, 'Sweetwater', 'TX', '79556'),
(49, 49, 49, '6305 S County Rd 1285', null, 'Midland', 'TX', '79706'),
(50, 50, 50, '11613 N, I-27', null, 'Lubbock', 'TX', '79403');

insert into lanes (id, customer_location_id, lane_partner_location_id, customer_is_shipper)
values
(1, 1, 1, true),
(2, 1, 2, true),
(3, 1, 3, true),
(4, 2, 4, false),
(5, 2, 5, false),
(6, 2, 6, true),
(7, 3, 7, true),
(8, 3, 8, true),
(9, 3, 9, true),
(10, 4, 10, true),
(11, 4, 11, true),
(12, 4, 12, true),
(13, 4, 13, true),
(14, 4, 14, true),
(15, 4, 15, false),
(16, 4, 16, false),
(17, 5, 17, true),
(18, 6, 18, true),
(19, 7, 19, true),
(20, 7, 20, true),
(21, 7, 21, true),
(22, 8, 22, true),
(23, 8, 23, true),
(24, 9, 24, true),
(25, 9, 25, true),
(26, 9, 26, true),
(27, 10, 27, true),
(28, 10, 28, true),
(29, 10, 29, true),
(30, 10, 30, true),
(31, 10, 31, true),
(32, 11, 32, false),
(33, 11, 33, false),
(34, 12, 34, true),
(35, 12, 35, true),
(36, 13, 36, true),
(37, 13, 37, true),
(38, 14, 38, false),
(39, 14, 39, false),
(40, 15, 40, false),
(41, 15, 41, false),
(42, 15, 42, false),
(43, 16, 43, false),
(44, 16, 44, false),
(45, 16, 45, false),
(46, 17, 46, false),
(47, 17, 47, false),
(48, 17, 48, false),
(49, 18, 49, false),
(50, 18, 50, false);